{"size": [1024, 512], "intrinsic matrix": [[-0.963356841755315, -11.147690737590281, 1222.37113528883], [0.14060939457007413, -9.932700793930449, 1495.599155394138], [0.000686714299128474, -0.02035339950498143, 1.0]], "distance to target": [-19.815690883226665, 288.6397918200589], "tile_length": 55.7, "occ_grid_size": 10.0, "cell_size_in_m": 0.1, "M": [[-0.9502216333070403, -6.471789853297102, 565.1979049414692], [-0.33648654685331464, -10.269556357441662, 1691.694566271651], [0.000686714299128474, -0.02035339950498143, 1.0]], "derotation": [[0.9269114855010485, 0.3752800261754408, 0.0], [-0.3752800261754408, 0.9269114855010485, 0.0], [0.0, 0.0, 1.0]], "detranslation": [[1.0, 0.0, 63.62352450617618], [0.0, 1.0, 139.65551651796875], [0.0, 0.0, 1.0]], "cm_per_px": 1}