{"size": [1024, 512], "intrinsic matrix": [[-0.03935635514264978, -1.4777220061947784, 585.8998779069696], [0.05130942584402584, -1.4495724118203834, 613.8224646491589], [0.00013653112871357773, -0.0028720331073758807, 1.0]], "distance to target": [3.0769916720410815, 334.7533311248679], "tile_length": 55.00000000000001, "occ_grid_size": 10.0, "cell_size_in_m": 0.1, "cm_per_px": 2, "yaw": 1.3218958708555753}