{
  "size": [768, 1024],
  "intrinsic matrix": [
    [-0.46093898861114707, -4.317994998336048, 693.216311920162],
    [0.03414856987240441, -11.61978895476545, 1472.2977292900086],
    [3.698782883061269e-5, -0.01124620249572639, 1.0]
  ],
  "distance to target": [11.076826939734138, 138.44448775552516],
  "tile_length": 50.0,
  "occ_grid_size": 20.0,
  "cell_size_in_m": 0.1,
  "cm_per_px": 2,
  "yaw": -0.18780821029696232
}
