{"size": [1280, 720], "intrinsic matrix": [[-1.0745918737000824, -8.757477474351655, 1337.7181346155019], [0.014249658449079229, -10.135086365439872, 1789.8787469640104], [2.732407251917973e-05, -0.01368557229723188, 1.0]], "distance to target": [17.71122673158009, 334.15630758494177], "tile_length": 55.00000000000001, "occ_grid_size": 10.0, "cell_size_in_m": 0.1, "cm_per_px": 1, "yaw": 1.3924097776952562}