{"size": [768, 2048], "intrinsic matrix": [[-0.0820551216425761, -1.4268666657682507, 500.10596687607455], [0.45710237833071987, -7.67314872430735, 2288.670672997145], [0.00025812445425723457, -0.0037241648085642263, 1.0]], "distance to target": [24.700145055575724, 560.0567613772702], "tile_length": 55.00000000000001, "occ_grid_size": 30.0, "cell_size_in_m": 0.1, "cm_per_px": 2, "yaw": -2.947347336258232}