{"size": [1024, 512], "intrinsic matrix": [[1.5831358899715735, 22.425428874627034, -1407.0764918397858], [-6.6683015283395095, 101.07964655157907, -2227.8779917234756], [-0.007217020855887655, 0.09806024247420991, 1.0]], "distance to target": [31.07709637885688, 264.06561044099533], "tile_length": 26.900000000000002, "tile_length_pixel": 12, "occ_grid_size": 10.0, "cell_size_in_m": 0.1, "M": [[-1.1602105185115563, 60.37074138750258, -2140.5319635416818], [-3.2343206611486783, 36.84937510045212, -2011.2909883482716], [-0.007217020855887655, 0.09806024247420991, 1.0]], "derotation": [[0.9242174088950995, -0.3818667059265949, 0.0], [0.3818667059265949, 0.9242174088950995, 0.0], [0.0, 0.0, 1.0]], "detranslation": [[1.0, 0.0, -196.80465121855286], [0.0, 1.0, 448.39004391007575], [0.0, 0.0, 1.0]]}