{"size": [1280, 720], "intrinsic matrix": [[-0.471299216760083, -7.585475208554565, 920.4732542224866], [0.030967748437276496, -9.186950340877084, 1181.2877230565284], [4.978825504408173e-05, -0.012689249134001303, 1.0]], "distance to target": [42.82884395638039, 253.45716662539402], "tile_length": 26.8, "occ_grid_size": 10.0, "cell_size_in_m": 0.1, "cm_per_px": 2, "yaw": 6.356128090154823}