{"size": [1024, 512], "intrinsic matrix": [[-0.3228815565087104, -1.8786539199181749, 643.8147571745031], [-0.06228728749240232, -1.8755162086811141, 707.2947672632996], [-0.00011678674930568856, -0.0036841259664069843, 1.0]], "distance to target": [99.66501779956924, 238.9625879695168], "tile_length": 55.7, "occ_grid_size": 10.0, "cell_size_in_m": 0.1, "M": [[-0.3412659707228233, -2.581520345698488, 868.4895942255723], [-0.039447583798728036, -2.6709322918969294, 895.4686700976882], [-0.00011678674930568856, -0.0036841259664069843, 1.0]], "derotation": [[0.9832414350895878, -0.18230820146929164, 0.0], [0.18230820146929164, 0.9832414350895878, 0.0], [0.0, 0.0, 1.0]], "detranslation": [[1.0, 0.0, -46.86891509461441], [0.0, 1.0, -331.4999089193751], [0.0, 0.0, 1.0]], "cm_per_px": 1}