{"size": [1024, 512], "intrinsic matrix": [[-0.07041706985331637, -2.1878530394427385, 601.1092404389403], [0.060722487174357284, -2.1174605266800075, 620.5752105149169], [0.00015098065693328343, -0.004169975760339413, 1.0]], "distance to target": [-12.760242268388414, 242.82130236157485], "tile_length": 55.7, "occ_grid_size": 10.0, "cell_size_in_m": 0.1, "cm_per_px": 2, "yaw": 6.331372171238004}