{"size": [512, 512], "intrinsic matrix": [[-0.19234104376847752, -0.7076944694154454, 390.73401826165866], [0.01867974308826458, -1.3797496893318286, 697.4469328171025], [7.012554380626579e-05, -0.002761505115173551, 1.0]], "distance to target": [2.1955410145006504, 330.5615297145227], "tile_length": 55.00000000000001, "occ_grid_size": 10.0, "cell_size_in_m": 0.1, "cm_per_px": 1, "yaw": 1.341307714097008}