{"size": [1024, 512], "intrinsic matrix": [[-0.08862430058332062, -0.9346131237328766, 333.65939925010116], [-0.03000340530542653, -3.386591298208347, 1023.0028489200565], [-6.940655984833588e-05, -0.0033908968716283663, 1.0]], "distance to target": [17.02180530273676, 212.13596134209337], "tile_length": 26.900000000000002, "tile_length_pixel": 12, "occ_grid_size": 10.0, "cell_size_in_m": 0.1, "M": [[-0.11512560543820984, -1.860921966757607, 599.0706717094477], [-0.016864269965081245, -1.8494957946606543, 583.2455534389895], [-6.940655984833588e-05, -0.0033908968716283663, 1.0]], "derotation": [[0.969208568527216, 0.24624124490715357, 0.0], [-0.24624124490715357, 0.969208568527216, 0.0], [0.0, 0.0, 1.0]], "detranslation": [[1.0, 0.0, -390.58414008942884], [0.0, 1.0, 605.2321689606887], [0.0, 0.0, 1.0]]}