{"size": [512, 1024], "intrinsic matrix": [[-0.6183379244731845, -3.775039994499467, 969.331207310988], [0.05407061232915981, -2.1539718387208704, 171.27560879943474], [-0.000899116092065397, -0.005865073464729024, 1.0]], "distance to target": [110.8616668128364, 250.02013046528185], "tile_length": 55.7, "occ_grid_size": 10.0, "cell_size_in_m": 0.1, "M": [[-0.9792465851301583, -3.8764359217620976, 863.3734438582447], [-0.4967121053432625, -3.031723745708072, 838.6199214639522], [-0.000899116092065397, -0.005865073464729024, 1.0]], "derotation": [[0.019953198818590437, 0.9998009151110564, 0.0], [-0.9998009151110564, 0.019953198818590437, 0.0], [0.0, 0.0, 1.0]], "detranslation": [[1.0, 0.0, 113.65118042097168], [0.0, 1.0, 1017.7440180252911], [0.0, 0.0, 1.0]], "cm_per_px": 1}